<?xml version="1.0" encoding="utf-8" standalone="yes" ?>
<rss version="2.0" xmlns:atom="http://www.w3.org/2005/Atom">
  <channel>
    <title>Categories on Hugo&#39;s quick test</title>
    <link>https://leagify.github.io/quicktest/categories/</link>
    <description>Recent content in Categories on Hugo&#39;s quick test</description>
    <generator>Hugo -- gohugo.io</generator>
    <language>en-us</language>
    
	<atom:link href="https://leagify.github.io/quicktest/categories/index.xml" rel="self" type="application/rss+xml" />
    
    
  </channel>
</rss>