<?xml version="1.0" encoding="utf-8" standalone="yes" ?>
<rss version="2.0" xmlns:atom="http://www.w3.org/2005/Atom">
  <channel>
    <title>Charts on Hugo&#39;s quick test</title>
    <link>https://leagify.github.io/quicktest/charts/</link>
    <description>Recent content in Charts on Hugo&#39;s quick test</description>
    <generator>Hugo -- gohugo.io</generator>
    <language>en-us</language>
    <lastBuildDate>Thu, 02 Mar 2017 12:00:00 -0500</lastBuildDate>
    
	<atom:link href="https://leagify.github.io/quicktest/charts/index.xml" rel="self" type="application/rss+xml" />
    
    
    <item>
      <title>My Second Chart</title>
      <link>https://leagify.github.io/quicktest/charts/my-second-chart/</link>
      <pubDate>Sun, 10 Sep 2017 22:01:23 -0500</pubDate>
      
      <guid>https://leagify.github.io/quicktest/charts/my-second-chart/</guid>
      <description>&lt;p&gt;Another chart!&lt;/p&gt;

&lt;p&gt;&lt;/p&gt;</description>
    </item>
    
    <item>
      <title>My First Chart</title>
      <link>https://leagify.github.io/quicktest/charts/my-first-chart/</link>
      <pubDate>Sun, 10 Sep 2017 21:52:47 -0500</pubDate>
      
      <guid>https://leagify.github.io/quicktest/charts/my-first-chart/</guid>
      <description>&lt;p&gt;Chart time!&lt;/p&gt;

&lt;p&gt;&lt;/p&gt;</description>
    </item>
    
  </channel>
</rss>