<?xml version="1.0" encoding="utf-8" standalone="yes" ?>
<rss version="2.0" xmlns:atom="http://www.w3.org/2005/Atom">
  <channel>
    <title>Posts on Hugo&#39;s quick test</title>
    <link>https://leagify.github.io/quicktest/posts/</link>
    <description>Recent content in Posts on Hugo&#39;s quick test</description>
    <generator>Hugo -- gohugo.io</generator>
    <language>en-us</language>
    <lastBuildDate>Sat, 09 Sep 2017 12:00:00 -0500</lastBuildDate>
    
	<atom:link href="https://leagify.github.io/quicktest/posts/index.xml" rel="self" type="application/rss+xml" />
    
    
    <item>
      <title>My Second Shortcode</title>
      <link>https://leagify.github.io/quicktest/posts/my-second-shortcode/</link>
      <pubDate>Tue, 12 Sep 2017 21:44:37 -0500</pubDate>
      
      <guid>https://leagify.github.io/quicktest/posts/my-second-shortcode/</guid>
      <description>&lt;p&gt;Hello again, shortcodes!
&lt;/p&gt;</description>
    </item>
    
    <item>
      <title>My First Shortcode</title>
      <link>https://leagify.github.io/quicktest/posts/my-first-shortcode/</link>
      <pubDate>Mon, 11 Sep 2017 19:56:29 -0500</pubDate>
      
      <guid>https://leagify.github.io/quicktest/posts/my-first-shortcode/</guid>
      <description>&lt;p&gt;Hello, shortcodes!
&lt;/p&gt;</description>
    </item>
    
    <item>
      <title>My Fourth Post</title>
      <link>https://leagify.github.io/quicktest/posts/my-fourth-post/</link>
      <pubDate>Sun, 10 Sep 2017 21:46:35 -0500</pubDate>
      
      <guid>https://leagify.github.io/quicktest/posts/my-fourth-post/</guid>
      <description>&lt;p&gt;Hello, etc.&lt;/p&gt;

&lt;p&gt;&lt;/p&gt;</description>
    </item>
    
    <item>
      <title>My Third Post</title>
      <link>https://leagify.github.io/quicktest/posts/my-third-post/</link>
      <pubDate>Sun, 10 Sep 2017 21:43:49 -0500</pubDate>
      
      <guid>https://leagify.github.io/quicktest/posts/my-third-post/</guid>
      <description>&lt;p&gt;Hello again&lt;/p&gt;

&lt;p&gt;&lt;/p&gt;</description>
    </item>
    
    <item>
      <title>My Second Post</title>
      <link>https://leagify.github.io/quicktest/posts/my-second-post/</link>
      <pubDate>Sun, 10 Sep 2017 21:09:56 -0500</pubDate>
      
      <guid>https://leagify.github.io/quicktest/posts/my-second-post/</guid>
      <description>&lt;p&gt;This is a second post.
&lt;/p&gt;</description>
    </item>
    
    <item>
      <title>My First Post</title>
      <link>https://leagify.github.io/quicktest/posts/my-first-post/</link>
      <pubDate>Wed, 30 Aug 2017 22:52:36 -0500</pubDate>
      
      <guid>https://leagify.github.io/quicktest/posts/my-first-post/</guid>
      <description>&lt;p&gt;Hello, Hugo. New width.
&lt;/p&gt;</description>
    </item>
    
  </channel>
</rss>